{	
	"10001": {
		"URI":"https://6dd254a3.ngrok.io/OKA/rest/KASearch/jsonresponse",
		
		"outputs": {
			"Result": "Failed"
		},
		"outputMsgProp":"order_status",
		"orcRespToIEProp":"orcResponse",	
		"isfrom_orcField": true,
		"from_orc": "order_status",
		"orc_error": "Sales Order not found"
	},	
	"100011": {
		"URI":"https://6dd254a3.ngrok.io/OKA/rest/KASearch/jsonresponse",
		"inputs": {
			"input_text":"entquestion",
			"ParamName":"value"
		},
		"outputs": {
			"Result": "Failed"
		},
		"outputType":"LINKS",
		"linksDataProp":"",
		"linksData":"",
		"orcRespToIEProp":"orcResponse",	
		"isfrom_orcField": true,
		"from_orc": "order_status",
		"orc_error": "Sales Order not found"
	},
	"10007": {
		"outputType":"LINKS",
		"linksData":[{"caption":"Sharepoint Document","url":"https://infosystechnologies.sharepoint.com/sites/EOTHYSZ1/SitePages/Home.aspx?RootFolder=%2Fsites%2FEOTHYSZ1%2FShared%20Documents%2Fai%2EOracle%2FSolutions%2FChatBot&FolderCTID=0x012000362F36C9CF079244B458EE24CFDFA125&View=%7B396D4354%2D5D5A%2D447E%2D8F81%2D27BC516C6AFA%7D"},
		{"caption":"Infosys","url":"https://www.infosys.com/"}],
		"orc_error": "Links not found"
	}
	
}